Split,Rows,Actual_Deaths,Expected_VBT,Predicted_Deaths,Actual_to_Predicted,Actual_to_VBT,Amount_AE_to_VBT
Train  (70%),1116485,107136,83365.90015705093,107049.19131682531,1.0008109232971014,1.285129768864358,1.1807293122217155
Test   (30% holdout),279122,27012,20891.04979501202,27098.80868317443,0.9967965867359945,1.2929939024150634,1.215334200957277
Full scope (refit),1395607,134148,104256.94995206295,134147.9999999997,1.0000000000000022,1.2867055871256627,1.1876677048431032
