Age_Ind,F,M
ALB,20060.337864552166,48351.29605871546
ANB,66973.55074561475,192475.24897764114
