Sex,Death_Count,ExpDth_VBT2015_Cnt,Death_Claim_Amount,ExpDth_VBT2015_Amt,Policies_Exposed,Predicted_Deaths,Actual_to_Predicted,Actual_to_VBT,Predicted_to_VBT,Amount_AE_to_VBT,Actual_Rate_per_1000,Expected_Rate_per_1000,Predicted_Rate_per_1000,Gap_from_1_on_A/P,Flag
F,85639,87002.60078237802,659852308,634146930.7813499,30626621.403557066,85639.0000000004,0.9999999999999954,0.9843268963213084,0.984326896321313,1.0405353648672206,2.796227467325326,2.8407508499214766,2.796227467325339,4.551914400963142e-15,OK
M,247834,240793.25674170023,2146698670,1972791991.3173323,38685837.03228518,247834.00000000227,0.9999999999999908,1.0292397858377422,1.0292397858377516,1.0881525672488874,6.406323838700211,6.224325882899903,6.40632383870027,9.2148511043888e-15,OK
