Insurance_Plan_Group,01-04: <100k,05-011: >100k
Perm,1.3203427930918052,1.0163541097085085
Term,0.731904767832798,0.9624929144988725
