Age_Ind,F,M
ALB,1.1554142386084598,1.301764484732039
ANB,0.9330549045750226,0.9608560112655505
