Age_Ind,F,M
ALB,1.3475062204244772,1.4741983957726437
ANB,1.0434275697824205,1.2247552476536023
