Observation_Year,Death_Count,ExpDth_VBT2015_Cnt,Death_Claim_Amount,ExpDth_VBT2015_Amt,Policies_Exposed,Predicted_Deaths,Actual_to_Predicted,Actual_to_VBT,Predicted_to_VBT,Amount_AE_to_VBT,Actual_Rate_per_1000,Expected_Rate_per_1000,Predicted_Rate_per_1000,Gap_from_1_on_A/P,Flag
2012,40382,38990.50051550971,257507527,238693697.3070812,6508809.994405256,39743.79307113747,1.0160580276703888,1.0356881667609468,1.0193198996080626,1.0788199684582147,6.204206304180173,5.990419223947938,6.10615352196482,0.016058027670388775,OK
2013,38934,37724.047015438686,295047011,280306056.0321385,8104473.147753499,38800.077897274,1.0034515936560893,1.0320737852984367,1.0285237392847841,1.0525887851890412,4.804013695917077,4.654719230687501,4.7874892284675035,0.003451593656089269,OK
2014,40706,38914.276749620905,326294835,299522295.9028691,8024658.482271978,39781.63400076387,1.023235998783217,1.0460428254110248,1.022288921280065,1.0893841275369125,5.0726146277660815,4.849337431068259,4.957423931329812,0.023235998783216916,OK
2015,41146,39146.526895316645,350989438,320211136.7643825,8078915.1836973615,39882.69783967202,1.0316754439583409,1.0510766411035704,1.0188055238290743,1.096118771965963,5.093010517430547,4.84551774653005,4.936640245976624,0.031675443958340876,OK
2016,40451,39968.946934952204,369504288,341390300.9824884,8182126.668727749,40496.0423517446,0.9988877344765356,1.0120606896607087,1.0131876233229318,1.0823514520963315,4.943824709363707,4.884909333867235,4.94932967812895,0.0011122655234644396,OK
2017,42100,41252.16503301853,388587049,359971732.24128103,8262881.41274427,41451.031886190794,1.0156562595496061,1.020552496246024,1.004820761601557,1.0794932329284643,5.095074937789497,4.992467272904725,5.016534767430974,0.015656259549606144,OK
2018,45251,45493.23097627203,406053598,374195571.39806414,10754176.827969242,46347.30021296305,0.9763459746754263,0.9946754501477731,1.0187735453904445,1.0851373694320015,4.207760456598791,4.2302848190067115,4.309702263070841,0.023654025324573724,OK
2019,44503,46306.16340394955,412567232,392648131.4703772,11396416.71827289,46970.422740256865,0.9474685856267137,0.9610599697448536,1.0143449443330617,1.0507301548972876,3.904999360776653,4.06322132198823,4.121508005665062,0.052531414373286345,OK
