Feature,Issue_Age,Attained_Age,Duration,Observation_Year
Issue_Age,1.0,0.24448910704658774,-0.005941366870780538,-0.020229061578289968
Attained_Age,0.24448910704658766,1.0,0.9534466517415757,-0.04207126947360891
Duration,-0.005941366870780536,0.9534466517415757,1.0,-0.03983732721305171
Observation_Year,-0.02022906157828996,-0.04207126947360892,-0.03983732721305171,1.0
