Insurance_Plan_Group,01-04: <100k,05-011: >100k
Perm,96879.3866784154,2898.596042323198
Term,4436.369515141306,42.597716183029654
