Insurance_Plan_Group,Death_Count,ExpDth_VBT2015_Cnt,Death_Claim_Amount,ExpDth_VBT2015_Amt,Policies_Exposed,Predicted_Deaths,Actual_to_Predicted,Actual_to_VBT,Predicted_to_VBT,Amount_AE_to_VBT,Actual_Rate_per_1000,Expected_Rate_per_1000,Predicted_Rate_per_1000,Gap_from_1_on_A/P,Flag
Perm,329084,320922.2893120577,2765155615,2567869219.477779,66488537.394216105,325445.220946866,1.011180926370795,1.0254320468217961,1.0140935416000671,1.0768288330362645,4.94948472168719,4.826731071090985,4.894756806233742,0.01118092637079493,OK
Term,4389,6873.568212020531,41395363,39069702.62090341,2823921.04162614,8027.779053136738,0.5467265567411278,0.6385329809231389,1.1679201843225644,1.0595259298915753,1.5542219259333885,2.434051133406486,2.84277744837865,0.4532734432588722,Review
