Age_Ind,F,M
ALB,12830.36748769427,33026.08396509793
ANB,18498.64864508509,39901.849854185646
