Age_Ind,Death_Count,ExpDth_VBT2015_Cnt,Death_Claim_Amount,ExpDth_VBT2015_Amt,Policies_Exposed,Predicted_Deaths,Actual_to_Predicted,Actual_to_VBT,Predicted_to_VBT,Amount_AE_to_VBT,Actual_Rate_per_1000,Expected_Rate_per_1000,Predicted_Rate_per_1000,Gap_from_1_on_A/P,Flag
ALB,86066,68374.85136025862,1019385965,798102123.5614618,35571966.01018023,78923.68038097894,1.0904965351912606,1.258737654090521,1.1542793704243663,1.2772625644085223,2.4194895490277104,1.9221555350831787,2.218704480893522,0.09049653519126055,OK
ANB,247407,259421.00616381966,1787165013,1808836798.5372202,33740492.42566202,254549.31961902374,0.9719413132601831,0.9536891543924048,0.9812209249480763,0.9880189381624999,7.33264342673996,7.688714287006427,7.544327344357934,0.02805868673981693,OK
