Feature,Issue_Age_mod,Attained_Age_mod,Duration,Observation_Year
Issue_Age_mod,1.0,0.16506709875352377,-0.10330610687944242,0.002119088813695665
Attained_Age_mod,0.16506709875352377,1.0,0.9490124719443472,-0.12531062643536972
Duration,-0.10330610687944242,0.9490124719443472,1.0,-0.13766802319629456
Observation_Year,0.0021190888136956654,-0.12531062643536972,-0.13766802319629456,1.0
