Face_Band_Group,Death_Count,ExpDth_VBT2015_Cnt,Death_Claim_Amount,ExpDth_VBT2015_Amt,Policies_Exposed,Predicted_Deaths,Actual_to_Predicted,Actual_to_VBT,Predicted_to_VBT,Amount_AE_to_VBT,Actual_Rate_per_1000,Expected_Rate_per_1000,Predicted_Rate_per_1000,Gap_from_1_on_A/P,Flag
01-04: <100k,131161,101315.7561935567,1405492622,1086364520.8803148,56384498.83968668,130228.9097910524,1.0071573217532352,1.2945765291375413,1.2853766747025914,1.2937578455352037,2.3261889827720044,1.7968725142280562,2.3096580172029437,0.007157321753235246,OK
05-011: >100k,2987,2941.193758506228,519424098,534389089.0313825,7756395.151351052,3919.090208947333,0.7621666868449828,1.015574030565411,1.332482838851718,0.9719960767565303,0.38510157640430526,0.3791959668266661,0.5052721183583181,0.2378333131550172,Review
