Rows,Actual_Deaths,Expected_VBT,Predicted_Deaths,Actual_to_Predicted,Actual_to_VBT,Amount_AE_to_VBT
1490183,333473,327795.8575240782,333473.0000000027,0.999999999999992,1.0173191403906157,1.0765695176857548
