Rows,Actual_Deaths,Expected_VBT,Predicted_Deaths,Actual_to_Predicted,Actual_to_VBT,Amount_AE_to_VBT
1494745,333551,327860.4336465235,333550.9999999992,1.0000000000000024,1.0173566730519599,1.0775845606783776
