Feature,Age_Ind,Sex,Insurance_Plan,Insurance_Plan_Group,Face_Amount_Band,Face_Band_Group,Slct_Ult_Ind
Age_Ind,1.0,0.02896517833741161,0.22019881462767404,0.1848350828979451,0.2338613278417918,0.08246427505063975,0.12412140141350464
Sex,0.02896517833741161,1.0,0.03295661780203768,0.032840272579191906,0.07919834435719392,0.04638271859436396,0.0005578593925779801
Insurance_Plan,0.22019881462767404,0.03295661780203766,1.0,0.9999999775623322,0.2457540886074692,0.27861307893300385,0.21689443063776995
Insurance_Plan_Group,0.18483508289794506,0.0328402725791919,0.999999977562332,1.0,0.344717451513454,0.3135861789393989,0.2127654592178144
Face_Amount_Band,0.2338613278417918,0.07919834435719392,0.24575408860746922,0.344717451513454,1.0,0.9999999700831088,0.47745174475522434
Face_Band_Group,0.08246427505063975,0.04638271859436396,0.27861307893300385,0.3135861789393989,0.9999999700831089,1.0,0.29536883585583795
Slct_Ult_Ind,0.12412140141350464,0.0005578593925779801,0.21689443063776995,0.2127654592178144,0.47745174475522445,0.29536883585583795,1.0
