Feature,Age_Ind,Sex,Insurance_Plan,Insurance_Plan_Group,Face_Amount_Band,Face_Band_Group,Slct_Ult_Ind
Age_Ind,1.0,0.01124994830484067,0.20882484693535894,0.08252821912153052,0.20906802838868846,0.13242200473714663,0.08045158181245025
Sex,0.011249948304840727,1.0,0.02386811955523217,0.006703062887238367,0.06549478237163638,0.024283158939711738,0.015300230827818161
Insurance_Plan,0.20882484693535897,0.02386811955523217,1.0,0.9999999688186433,0.23949052559693773,0.34207994038058914,0.18901440564650487
Insurance_Plan_Group,0.08252821912153052,0.006703062887238367,0.9999999688186433,1.0,0.0886984671964366,0.05476363334364085,0.016227323181814263
Face_Amount_Band,0.2090680283886885,0.0654947823716364,0.2394905255969377,0.0886984671964366,1.0,0.9999999532279648,0.41949109992458844
Face_Band_Group,0.13242200473714663,0.02428315893971172,0.34207994038058914,0.05476363334364085,0.9999999532279648,1.0,0.16621847422954147
Slct_Ult_Ind,0.08045158181245025,0.015300230827818161,0.18901440564650487,0.016227323181814284,0.41949109992458844,0.1662184742295415,1.0
